{
  "hash": "cc46cad8",
  "configHash": "a5f7c264",
  "lockfileHash": "4c905824",
  "browserHash": "a947f053",
  "optimized": {
    "@angular/core": {
      "src": "../../../../../node_modules/@angular/core/fesm2022/core.mjs",
      "file": "@angular_core.js",
      "fileHash": "26417848",
      "needsInterop": false
    },
    "@angular/platform-browser": {
      "src": "../../../../../node_modules/@angular/platform-browser/fesm2022/platform-browser.mjs",
      "file": "@angular_platform-browser.js",
      "fileHash": "1967e97a",
      "needsInterop": false
    },
    "@angular/router": {
      "src": "../../../../../node_modules/@angular/router/fesm2022/router.mjs",
      "file": "@angular_router.js",
      "fileHash": "5b577834",
      "needsInterop": false
    }
  },
  "chunks": {
    "chunk-IHFPUAUX": {
      "file": "chunk-IHFPUAUX.js"
    },
    "chunk-O7KAIYEH": {
      "file": "chunk-O7KAIYEH.js"
    }
  }
}