{
  "hash": "29cbdafe",
  "configHash": "47559b19",
  "lockfileHash": "4c905824",
  "browserHash": "7b6c2daf",
  "optimized": {
    "@angular/core": {
      "src": "../../../../../node_modules/@angular/core/fesm2022/core.mjs",
      "file": "@angular_core.js",
      "fileHash": "bd31e0bd",
      "needsInterop": false
    },
    "@angular/platform-browser": {
      "src": "../../../../../node_modules/@angular/platform-browser/fesm2022/platform-browser.mjs",
      "file": "@angular_platform-browser.js",
      "fileHash": "53c9b3df",
      "needsInterop": false
    },
    "@angular/router": {
      "src": "../../../../../node_modules/@angular/router/fesm2022/router.mjs",
      "file": "@angular_router.js",
      "fileHash": "961783da",
      "needsInterop": false
    },
    "@angular/common": {
      "src": "../../../../../node_modules/@angular/common/fesm2022/common.mjs",
      "file": "@angular_common.js",
      "fileHash": "cdb8a74e",
      "needsInterop": false
    }
  },
  "chunks": {
    "chunk-6HXOKRCZ": {
      "file": "chunk-6HXOKRCZ.js"
    },
    "chunk-U2STV35N": {
      "file": "chunk-U2STV35N.js"
    },
    "chunk-O7KAIYEH": {
      "file": "chunk-O7KAIYEH.js"
    }
  }
}